	Subcorpus	Type of Article	Article	Teil	WordsN	NounsN	CNCsNounsN
0	biology_intros		-Lacking-warmth---Alexithymia-trait-is-related-to-warm-spe_2017_Biological-P.txt	<Intro>	1158.0	321.0	12
1	biology_intros		-Lacking-warmth---Alexithymia-trait-is-related-to-warm-spe_2017_Biological-P.txt	<Middle>	3285.0	903.0	53
2	biology_intros		-Lacking-warmth---Alexithymia-trait-is-related-to-warm-spe_2017_Biological-P.txt	<Conclusion>	1848.0	539.0	22
3	biology_intros		A-dual-mechanism-underlying-alpha-lateralization-in-attent_2017_Biological-P.txt	<Intro>	1168.0	313.0	41
4	biology_intros		A-dual-mechanism-underlying-alpha-lateralization-in-attent_2017_Biological-P.txt	<Middle>	2442.0	698.0	60
5	biology_intros		A-dual-mechanism-underlying-alpha-lateralization-in-attent_2017_Biological-P.txt	<Conclusion>	1421.0	393.0	15
6	biology_intros		Activation-of-TLR4-STAT3-signaling-in-VTA-contributes-to-th_2017_Behavioural.txt	<Intro>	376.0	122.0	17
7	biology_intros		Activation-of-TLR4-STAT3-signaling-in-VTA-contributes-to-th_2017_Behavioural.txt	<Middle>	2531.0	713.0	16
8	biology_intros		Activation-of-TLR4-STAT3-signaling-in-VTA-contributes-to-th_2017_Behavioural.txt	<Conclusion>	695.0	218.0	27
9	biology_intros		Acute---9-tetrahydrocannabinol-administration-in-female-rats-_2017_Behaviour.txt	<Intro>	800.0	245.0	15
10	biology_intros		Acute---9-tetrahydrocannabinol-administration-in-female-rats-_2017_Behaviour.txt	<Middle>	2922.0	860.0	75
11	biology_intros		Acute---9-tetrahydrocannabinol-administration-in-female-rats-_2017_Behaviour.txt	<Conclusion>	1565.0	437.0	29
12	biology_intros		Atypical-interference-control-in-children-with-AD-HD-wit_2017_Biological-Psy.txt	<Intro>	1205.0	316.0	19
13	biology_intros		Atypical-interference-control-in-children-with-AD-HD-wit_2017_Biological-Psy.txt	<Middle>	2166.0	451.0	9
14	biology_intros		Atypical-interference-control-in-children-with-AD-HD-wit_2017_Biological-Psy.txt	<Conclusion>	1551.0	419.0	25
15	biology_intros		Blunted-neural-response-to-implicit-negative-facial-affe_2017_Biological-Psy.txt	<Intro>	755.0	205.0	6
16	biology_intros		Blunted-neural-response-to-implicit-negative-facial-affe_2017_Biological-Psy.txt	<Middle>	2203.0	600.0	101
17	biology_intros		Blunted-neural-response-to-implicit-negative-facial-affe_2017_Biological-Psy.txt	<Conclusion>	1307.0	343.0	12
18	biology_intros		Boldness-psychopathic-traits-predict-reduced-gaze-toward-fe_2017_Biological-.txt	<Intro>	1234.0	342.0	15
19	biology_intros		Boldness-psychopathic-traits-predict-reduced-gaze-toward-fe_2017_Biological-.txt	<Middle>	3388.0	773.0	27
20	biology_intros		Boldness-psychopathic-traits-predict-reduced-gaze-toward-fe_2017_Biological-.txt	<Conclusion>	1787.0	506.0	31
21	biology_intros		Chronic-traumatic-stress-impairs-memory-in-mice--Potential-ro_2017_Behaviour.txt	<Intro>	493.0	165.0	
22	biology_intros		Chronic-traumatic-stress-impairs-memory-in-mice--Potential-ro_2017_Behaviour.txt	<Middle>	2050.0	637.0	104
23	biology_intros		Chronic-traumatic-stress-impairs-memory-in-mice--Potential-ro_2017_Behaviour.txt	<Conclusion>	1336.0	431.0	18
24	biology_intros		Deficient-prepulse-inhibition-of-the-startle-reflex-in-sch_2017_Biological-P.txt	<Intro>	618.0	151.0	9
25	biology_intros		Deficient-prepulse-inhibition-of-the-startle-reflex-in-sch_2017_Biological-P.txt	<Middle>	1595.0	411.0	9
26	biology_intros		Deficient-prepulse-inhibition-of-the-startle-reflex-in-sch_2017_Biological-P.txt	<Conclusion>	949.0	213.0	3
27	biology_intros		Development-of-an-opioid-self-administration-assay-to-_2017_Behavioural-Brai.txt	<Intro>	728.0	221.0	10
28	biology_intros		Development-of-an-opioid-self-administration-assay-to-_2017_Behavioural-Brai.txt	<Middle>	3338.0	960.0	45
29	biology_intros		Development-of-an-opioid-self-administration-assay-to-_2017_Behavioural-Brai.txt	<Conclusion>	1746.0	509.0	6
30	biology_intros		Developmental-suppression-of-forebrain-trkA-receptors-and-_2017_Behavioural-.txt	<Intro>	651.0	191.0	9
31	biology_intros		Developmental-suppression-of-forebrain-trkA-receptors-and-_2017_Behavioural-.txt	<Middle>	4787.0	1452.0	98
32	biology_intros		Developmental-suppression-of-forebrain-trkA-receptors-and-_2017_Behavioural-.txt	<Conclusion>	1354.0	413.0	18
33	biology_intros		Differential-behavioral-effects-of-ethanol-pre-exposure-_2017_Behavioural-Br.txt	<Intro>	775.0	242.0	6
34	biology_intros		Differential-behavioral-effects-of-ethanol-pre-exposure-_2017_Behavioural-Br.txt	<Middle>	4129.0	1253.0	133
35	biology_intros		Differential-behavioral-effects-of-ethanol-pre-exposure-_2017_Behavioural-Br.txt	<Conclusion>	2223.0	728.0	48
36	biology_intros		Distraction-coping-predicts-better-cortisol-recovery-afte_2017_Biological-Ps.txt	<Intro>	1444.0	473.0	51
37	biology_intros		Distraction-coping-predicts-better-cortisol-recovery-afte_2017_Biological-Ps.txt	<Middle>	2337.0	663.0	62
38	biology_intros		Distraction-coping-predicts-better-cortisol-recovery-afte_2017_Biological-Ps.txt	<Conclusion>	1389.0	422.0	27
39	biology_intros		Dopaminergic-responses-in-the-core-part-of-the-nucleus-accumbe_2017_Behaviou.txt	<Intro>	1198.0	358.0	9
40	biology_intros		Dopaminergic-responses-in-the-core-part-of-the-nucleus-accumbe_2017_Behaviou.txt	<Middle>	2528.0	605.0	27
41	biology_intros		Dopaminergic-responses-in-the-core-part-of-the-nucleus-accumbe_2017_Behaviou.txt	<Conclusion>	2065.0	539.0	3
42	biology_intros		Effect-of-acute-and-subchronic-stress-on-electrical-activity-_2017_Behaviour.txt	<Intro>	440.0	135.0	9
43	biology_intros		Effect-of-acute-and-subchronic-stress-on-electrical-activity-_2017_Behaviour.txt	<Middle>	2053.0	613.0	38
44	biology_intros		Effect-of-acute-and-subchronic-stress-on-electrical-activity-_2017_Behaviour.txt	<Conclusion>	955.0	319.0	24
45	biology_intros		Effects-of-curcumin-on-short-term-spatial-and-recognition-mem_2017_Behaviour.txt	<Intro>	670.0	209.0	9
46	biology_intros		Effects-of-curcumin-on-short-term-spatial-and-recognition-mem_2017_Behaviour.txt	<Middle>	3593.0	1007.0	41
47	biology_intros		Effects-of-curcumin-on-short-term-spatial-and-recognition-mem_2017_Behaviour.txt	<Conclusion>	1585.0	503.0	15
48	biology_intros		Environmental-enrichment-protects-spatial-learning-and-hippo_2017_Behavioura.txt	<Intro>	813.0	228.0	6
49	biology_intros		Environmental-enrichment-protects-spatial-learning-and-hippo_2017_Behavioura.txt	<Middle>	2281.0	624.0	32
50	biology_intros		Environmental-enrichment-protects-spatial-learning-and-hippo_2017_Behavioura.txt	<Conclusion>	1668.0	488.0	21
51	biology_intros		Fbxl4-Serves-as-a-Clock-Output-Molecule-that-Regulates-Sleep-th_2017_Current.txt	<Intro>	374.0	120.0	6
52	biology_intros		Fbxl4-Serves-as-a-Clock-Output-Molecule-that-Regulates-Sleep-th_2017_Current.txt	<Middle>	2308.0	654.0	41
53	biology_intros		Fbxl4-Serves-as-a-Clock-Output-Molecule-that-Regulates-Sleep-th_2017_Current.txt	<Conclusion>	523.0	170.0	35
54	biology_intros		Games-people-play--How-video-games-improve-probabi_2017_Behavioural-Brain-Re.txt	<Intro>	751.0	222.0	18
55	biology_intros		Games-people-play--How-video-games-improve-probabi_2017_Behavioural-Brain-Re.txt	<Middle>	1682.0	476.0	51
56	biology_intros		Games-people-play--How-video-games-improve-probabi_2017_Behavioural-Brain-Re.txt	<Conclusion>	1448.0	476.0	39
57	biology_intros		Genetic-and-Epigenetic-Strategies-Potentiate-Gal4-Activation-t_2017_Current-.txt	<Intro>	621.0	165.0	3
61	biology_intros		Genetic-and-Epigenetic-Strategies-Potentiate-Gal4-Activation-t_2017_Current-.txt	<Middle>	2679.0	666.0	31
62	biology_intros		Genetic-and-Epigenetic-Strategies-Potentiate-Gal4-Activation-t_2017_Current-.txt	<Conclusion>	1024.0	250.0	3
63	biology_intros		Heart-rate-variability-is-enhanced-by-long-lasting-pleasa_2017_Biological-Ps.txt	<Intro>	998.0	256.0	7
64	biology_intros		Heart-rate-variability-is-enhanced-by-long-lasting-pleasa_2017_Biological-Ps.txt	<Middle>	4840.0	1309.0	119
65	biology_intros		Heart-rate-variability-is-enhanced-by-long-lasting-pleasa_2017_Biological-Ps.txt	<Conclusion>	1668.0	483.0	25
66	biology_intros		Heart-rate-variability-predicts-inhibitory-control-in-adu_2017_Biological-Ps.txt	<Intro>	1888.0	518.0	51
67	biology_intros		Heart-rate-variability-predicts-inhibitory-control-in-adu_2017_Biological-Ps.txt	<Middle>	5296.0	1356.0	73
68	biology_intros		Heart-rate-variability-predicts-inhibitory-control-in-adu_2017_Biological-Ps.txt	<Conclusion>	2298.0	632.0	30
69	biology_intros		Heart-rate-variability-reactivity-and-new-romance--Caus_2017_Biological-Psyc.txt	<Intro>	575.0	194.0	15
70	biology_intros		Heart-rate-variability-reactivity-and-new-romance--Caus_2017_Biological-Psyc.txt	<Middle>	1966.0	510.0	48
71	biology_intros		Heart-rate-variability-reactivity-and-new-romance--Caus_2017_Biological-Psyc.txt	<Conclusion>	822.0	247.0	25
72	biology_intros		Individual-differences-in-the-processing-of-smoking-cessati_2017_Biological-.txt	<Intro>	914.0	268.0	33
73	biology_intros		Individual-differences-in-the-processing-of-smoking-cessati_2017_Biological-.txt	<Middle>	2019.0	601.0	38
74	biology_intros		Individual-differences-in-the-processing-of-smoking-cessati_2017_Biological-.txt	<Conclusion>	1512.0	454.0	18
75	biology_intros		Interaction-between-prenatal-risk-and-infant-parasympathetic_2017_Biological.txt	<Intro>	1252.0	407.0	12
76	biology_intros		Interaction-between-prenatal-risk-and-infant-parasympathetic_2017_Biological.txt	<Middle>	2798.0	799.0	39
77	biology_intros		Interaction-between-prenatal-risk-and-infant-parasympathetic_2017_Biological.txt	<Conclusion>	1411.0	448.0	21
78	biology_intros		Intermittent-hypoxia-caused-cognitive-dysfunction-relat_2017_Behavioural-Bra.txt	<Intro>	325.0	98.0	3
79	biology_intros		Intermittent-hypoxia-caused-cognitive-dysfunction-relat_2017_Behavioural-Bra.txt	<Middle>	1805.0	539.0	57
80	biology_intros		Intermittent-hypoxia-caused-cognitive-dysfunction-relat_2017_Behavioural-Bra.txt	<Conclusion>	992.0	294.0	32
81	biology_intros		Lateral-masking-effects-on-contrast-sensitivity-_2017_Behavioural-Brain-Rese.txt	<Intro>	349.0	119.0	6
82	biology_intros		Lateral-masking-effects-on-contrast-sensitivity-_2017_Behavioural-Brain-Rese.txt	<Middle>	1743.0	525.0	69
83	biology_intros		Lateral-masking-effects-on-contrast-sensitivity-_2017_Behavioural-Brain-Rese.txt	<Conclusion>	823.0	282.0	3
84	biology_intros		Local-Signals-in-Mouse-Horizontal-Cell-Dendrites_2017_Current-Biology.txt	<Intro>	493.0	147.0	3
85	biology_intros		Local-Signals-in-Mouse-Horizontal-Cell-Dendrites_2017_Current-Biology.txt	<Middle>	2562.0	733.0	46
86	biology_intros		Local-Signals-in-Mouse-Horizontal-Cell-Dendrites_2017_Current-Biology.txt	<Conclusion>	1626.0	460.0	15
87	biology_intros		Magnetic-resonance-spectroscopy-analysis-of-neurochemical-_2017_Behavioural-.txt	<Intro>	425.0	130.0	3
88	biology_intros		Magnetic-resonance-spectroscopy-analysis-of-neurochemical-_2017_Behavioural-.txt	<Middle>	1473.0	435.0	26
89	biology_intros		Magnetic-resonance-spectroscopy-analysis-of-neurochemical-_2017_Behavioural-.txt	<Conclusion>	626.0	193.0	6
90	biology_intros		May-the-use-of-different-background-strains--strain--the_2017_Behavioural-Br.txt	<Intro>	646.0	177.0	
91	biology_intros		May-the-use-of-different-background-strains--strain--the_2017_Behavioural-Br.txt	<Middle>	3551.0	1041.0	59
92	biology_intros		May-the-use-of-different-background-strains--strain--the_2017_Behavioural-Br.txt	<Conclusion>	832.0	212.0	6
93	biology_intros		Neocortical-prodynorphin-expression-is-transiently-increased-_2017_Behaviour.txt	<Intro>	695.0	239.0	22
94	biology_intros		Neocortical-prodynorphin-expression-is-transiently-increased-_2017_Behaviour.txt	<Middle>	1910.0	541.0	24
95	biology_intros		Neocortical-prodynorphin-expression-is-transiently-increased-_2017_Behaviour.txt	<Conclusion>	884.0	262.0	7
96	biology_intros		Neural-correlates-of-prosocial-behavior-towards-persons-i_2017_Biological-Ps.txt	<Intro>	820.0	230.0	6
97	biology_intros		Neural-correlates-of-prosocial-behavior-towards-persons-i_2017_Biological-Ps.txt	<Middle>	4194.0	1228.0	74
98	biology_intros		Neural-correlates-of-prosocial-behavior-towards-persons-i_2017_Biological-Ps.txt	<Conclusion>	1472.0	430.0	9
99	biology_intros		Neural-signals-of-selective-attention-are-modulated-by-subje_2017_Biological.txt	<Intro>	269.0	74.0	
100	biology_intros		Neural-signals-of-selective-attention-are-modulated-by-subje_2017_Biological.txt	<Middle>	5384.0	1266.0	36
101	biology_intros		Neural-signals-of-selective-attention-are-modulated-by-subje_2017_Biological.txt	<Conclusion>	2156.0	570.0	9
102	biology_intros		Neuropeptide-Y-Regulates-Sleep-by-Modulating-Noradrenergic_2017_Current-Biol.txt	<Intro>	490.0	132.0	
103	biology_intros		Neuropeptide-Y-Regulates-Sleep-by-Modulating-Noradrenergic_2017_Current-Biol.txt	<Middle>	3144.0	918.0	50
104	biology_intros		Neuropeptide-Y-Regulates-Sleep-by-Modulating-Noradrenergic_2017_Current-Biol.txt	<Conclusion>	1562.0	480.0	12
105	biology_intros		Nigrotectal-Stimulation-Stops-Interval-Timing-in-Mice_2017_Current-Biology.txt	<Intro>	1120.0	331.0	12
106	biology_intros		Nigrotectal-Stimulation-Stops-Interval-Timing-in-Mice_2017_Current-Biology.txt	<Middle>	1737.0	480.0	27
107	biology_intros		Nigrotectal-Stimulation-Stops-Interval-Timing-in-Mice_2017_Current-Biology.txt	<Conclusion>	1193.0	324.0	15
108	biology_intros		Novel-Microbial-Diversity-and-Functional-Potential-in-the-Ma_2017_Current-Bi.txt	<Intro>	454.0	110.0	3
109	biology_intros		Novel-Microbial-Diversity-and-Functional-Potential-in-the-Ma_2017_Current-Bi.txt	<Middle>	2616.0	726.0	77
110	biology_intros		Novel-Microbial-Diversity-and-Functional-Potential-in-the-Ma_2017_Current-Bi.txt	<Conclusion>	532.0	136.0	3
111	biology_intros		Operant-models-of-relapse-in-zebrafish--Danio-rerio---R_2017_Behavioural-Bra.txt	<Intro>	743.0	216.0	3
112	biology_intros		Operant-models-of-relapse-in-zebrafish--Danio-rerio---R_2017_Behavioural-Bra.txt	<Middle>	4262.0	1255.0	121
113	biology_intros		Operant-models-of-relapse-in-zebrafish--Danio-rerio---R_2017_Behavioural-Bra.txt	<Conclusion>	805.0	277.0	12
114	biology_intros		Origins-and-Specification-of-the-Drosophila-Wing_2017_Current-Biology.txt	<Intro>	968.0	279.0	3
115	biology_intros		Origins-and-Specification-of-the-Drosophila-Wing_2017_Current-Biology.txt	<Middle>	2834.0	745.0	42
116	biology_intros		Origins-and-Specification-of-the-Drosophila-Wing_2017_Current-Biology.txt	<Conclusion>	1230.0	327.0	12
117	biology_intros		Prefrontal-neuromodulation-reverses-spatial-associations-o_2017_Biological-P.txt	<Intro>	1901.0	510.0	27
118	biology_intros		Prefrontal-neuromodulation-reverses-spatial-associations-o_2017_Biological-P.txt	<Middle>	2734.0	780.0	43
119	biology_intros		Prefrontal-neuromodulation-reverses-spatial-associations-o_2017_Biological-P.txt	<Conclusion>	3431.0	970.0	50
120	biology_intros		Real-time-changes-in-corticospinal-excitability-related-_2017_Behavioural-Br.txt	<Intro>	417.0	135.0	9
121	biology_intros		Real-time-changes-in-corticospinal-excitability-related-_2017_Behavioural-Br.txt	<Middle>	1857.0	555.0	15
122	biology_intros		Real-time-changes-in-corticospinal-excitability-related-_2017_Behavioural-Br.txt	<Conclusion>	844.0	266.0	16
123	biology_intros		Reduced-hippocampal-IL-10-expression--altered-monoaminergic-a_2017_Behaviour.txt	<Intro>	942.0	281.0	9
124	biology_intros		Reduced-hippocampal-IL-10-expression--altered-monoaminergic-a_2017_Behaviour.txt	<Middle>	2869.0	758.0	43
125	biology_intros		Reduced-hippocampal-IL-10-expression--altered-monoaminergic-a_2017_Behaviour.txt	<Conclusion>	1825.0	534.0	12
126	biology_intros		Social-processing-in-early-adolescence--Associations-between_2017_Biological.txt	<Intro>	1149.0	342.0	12
127	biology_intros		Social-processing-in-early-adolescence--Associations-between_2017_Biological.txt	<Middle>	2106.0	604.0	31
128	biology_intros		Social-processing-in-early-adolescence--Associations-between_2017_Biological.txt	<Conclusion>	1304.0	392.0	18
129	biology_intros		Stall-in-Canonical-Autophagy-Lysosome-Pathways-Prompts-Nucleop_2017_Current-.txt	<Intro>	368.0	107.0	7
130	biology_intros		Stall-in-Canonical-Autophagy-Lysosome-Pathways-Prompts-Nucleop_2017_Current-.txt	<Middle>	3082.0	811.0	40
131	biology_intros		Stall-in-Canonical-Autophagy-Lysosome-Pathways-Prompts-Nucleop_2017_Current-.txt	<Conclusion>	1552.0	455.0	18
132	biology_intros		Structural-hemispheric-asymmetries-underlie-verbal-_2017_Behavioural-Brain-R.txt	<Intro>	872.0	215.0	6
133	biology_intros		Structural-hemispheric-asymmetries-underlie-verbal-_2017_Behavioural-Brain-R.txt	<Middle>	3038.0	731.0	50
134	biology_intros		Structural-hemispheric-asymmetries-underlie-verbal-_2017_Behavioural-Brain-R.txt	<Conclusion>	1303.0	321.0	12
135	biology_intros		TDP-43-Promotes-Neurodegeneration-by-Impairing-Chromatin-R_2017_Current-Biol.txt	<Intro>	426.0	137.0	6
136	biology_intros		TDP-43-Promotes-Neurodegeneration-by-Impairing-Chromatin-R_2017_Current-Biol.txt	<Middle>	3148.0	927.0	68
137	biology_intros		TDP-43-Promotes-Neurodegeneration-by-Impairing-Chromatin-R_2017_Current-Biol.txt	<Conclusion>	766.0	225.0	12
138	biology_intros		Temporal-dynamics-of-reward-anticipation-in-the-huma_2017_Biological-Psychol.txt	<Intro>	1433.0	404.0	18
139	biology_intros		Temporal-dynamics-of-reward-anticipation-in-the-huma_2017_Biological-Psychol.txt	<Middle>	2864.0	748.0	28
140	biology_intros		Temporal-dynamics-of-reward-anticipation-in-the-huma_2017_Biological-Psychol.txt	<Conclusion>	1596.0	495.0	29
141	biology_intros		Tension-Dependent-Stretching-Activates-ZO-1-to-Control-the-Ju_2017_Current-B.txt	<Intro>	400.0	126.0	7
142	biology_intros		Tension-Dependent-Stretching-Activates-ZO-1-to-Control-the-Ju_2017_Current-B.txt	<Middle>	3142.0	831.0	37
143	biology_intros		Tension-Dependent-Stretching-Activates-ZO-1-to-Control-the-Ju_2017_Current-B.txt	<Conclusion>	1407.0	379.0	13
144	biology_intros		The-Plastid-Genome-in-Cladophorales-Green-Algae-Is-Encoded-b_2017_Current-Bi.txt	<Intro>	462.0	137.0	6
145	biology_intros		The-Plastid-Genome-in-Cladophorales-Green-Algae-Is-Encoded-b_2017_Current-Bi.txt	<Middle>	2860.0	839.0	98
146	biology_intros		The-Plastid-Genome-in-Cladophorales-Green-Algae-Is-Encoded-b_2017_Current-Bi.txt	<Conclusion>	283.0	85.0	9
147	biology_intros		The-rat-retrosplenial-cortex-as-a-link-for-frontal-fu_2017_Behavioural-Brain.txt	<Intro>	629.0	169.0	12
148	biology_intros		The-rat-retrosplenial-cortex-as-a-link-for-frontal-fu_2017_Behavioural-Brain.txt	<Middle>	8729.0	2271.0	88
149	biology_intros		The-rat-retrosplenial-cortex-as-a-link-for-frontal-fu_2017_Behavioural-Brain.txt	<Conclusion>	1961.0	532.0	21
150	biology_intros		The-trait--pessimism--does-not-interact-with-cognitive-flexibi_2017_Behaviou.txt	<Intro>	785.0	224.0	9
151	biology_intros		The-trait--pessimism--does-not-interact-with-cognitive-flexibi_2017_Behaviou.txt	<Middle>	2666.0	789.0	34
152	biology_intros		The-trait--pessimism--does-not-interact-with-cognitive-flexibi_2017_Behaviou.txt	<Conclusion>	1767.0	489.0	32
153	biology_intros		Theta-Oscillations-in-the-Human-Medial-Temporal-Lobe-during-_2017_Current-Bi.txt	<Intro>	380.0	108.0	3
154	biology_intros		Theta-Oscillations-in-the-Human-Medial-Temporal-Lobe-during-_2017_Current-Bi.txt	<Middle>	2093.0	601.0	18
155	biology_intros		Theta-Oscillations-in-the-Human-Medial-Temporal-Lobe-during-_2017_Current-Bi.txt	<Conclusion>	958.0	290.0	27
156	biology_intros		Vagus-Motor-Neuron-Topographic-Map-Determined-by-Parallel-Mech_2017_Current-.txt	<Intro>	562.0	177.0	29
157	biology_intros		Vagus-Motor-Neuron-Topographic-Map-Determined-by-Parallel-Mech_2017_Current-.txt	<Middle>	2870.0	743.0	19
158	biology_intros		Vagus-Motor-Neuron-Topographic-Map-Determined-by-Parallel-Mech_2017_Current-.txt	<Conclusion>	987.0	298.0	39
159	biology_intros		Venlafaxine-exerts-antidepressant-effects-possibly-by-acti_2017_Behavioural-.txt	<Intro>	463.0	147.0	13
160	biology_intros		Venlafaxine-exerts-antidepressant-effects-possibly-by-acti_2017_Behavioural-.txt	<Middle>	1656.0	492.0	35
161	biology_intros		Venlafaxine-exerts-antidepressant-effects-possibly-by-acti_2017_Behavioural-.txt	<Conclusion>	1695.0	550.0	44
0	linguistics_intros		Acquisition_of_nouns_and_verbs_in_Italian_pre-school_children_.txt	<Intro>	3638.0	1008.0	12.0
1	linguistics_intros		Acquisition_of_nouns_and_verbs_in_Italian_pre-school_children_.txt	<Middle>	3728.0	1041.0	30.0
2	linguistics_intros		Acquisition_of_nouns_and_verbs_in_Italian_pre-school_children_.txt	<Conclusion>	1508.0	426.0	12.0
3	linguistics_intros		Age_and_input_effects_in_the_acquisition_of_mood_in_Heritage_Portuguese_.txt	<Intro>	4091.0	1054.0	24.0
4	linguistics_intros		Age_and_input_effects_in_the_acquisition_of_mood_in_Heritage_Portuguese_.txt	<Middle>	4223.0	1235.0	30.0
5	linguistics_intros		Age_and_input_effects_in_the_acquisition_of_mood_in_Heritage_Portuguese_.txt	<Conclusion>	1374.0	401.0	24.0
6	linguistics_intros		Aptitude_and_pedagogical_conditions_in_the_early_development_of_a_nonprimary_language.txt	<Intro>	3821.0	1055.0	58.0
7	linguistics_intros		Aptitude_and_pedagogical_conditions_in_the_early_development_of_a_nonprimary_language.txt	<Middle>	3109.0	828.0	24.0
8	linguistics_intros		Aptitude_and_pedagogical_conditions_in_the_early_development_of_a_nonprimary_language.txt	<Conclusion>	2017.0	545.0	6.0
9	linguistics_intros		Assessing_understanding_of_relative_clauses_a_comparison_of_multiple-choice_comprehension_versus_sen.txt	<Intro>	1818.0	498.0	34.0
10	linguistics_intros		Assessing_understanding_of_relative_clauses_a_comparison_of_multiple-choice_comprehension_versus_sen.txt	<Middle>	3359.0	924.0	27.0
11	linguistics_intros		Assessing_understanding_of_relative_clauses_a_comparison_of_multiple-choice_comprehension_versus_sen.txt	<Conclusion>	2238.0	626.0	33.0
12	linguistics_intros		Auditory_perception_and_word_recognition_in_Cantonese-Chinese_speaking_children_with_and_without_Spe.txt	<Intro>	2185.0	567.0	34.0
13	linguistics_intros		Auditory_perception_and_word_recognition_in_Cantonese-Chinese_speaking_children_with_and_without_Spe.txt	<Middle>	4462.0	1205.0	45.0
14	linguistics_intros		Auditory_perception_and_word_recognition_in_Cantonese-Chinese_speaking_children_with_and_without_Spe.txt	<Conclusion>	2488.0	705.0	19.0
15	linguistics_intros		A_cross-linguistic_study_of_the_development_of_gesture_and_speech_in_Zulu_and_French_oral_narratives.txt	<Intro>	2535.0	679.0	22.0
16	linguistics_intros		A_cross-linguistic_study_of_the_development_of_gesture_and_speech_in_Zulu_and_French_oral_narratives.txt	<Middle>	3855.0	1112.0	45.0
17	linguistics_intros		A_cross-linguistic_study_of_the_development_of_gesture_and_speech_in_Zulu_and_French_oral_narratives.txt	<Conclusion>	1796.0	509.0	9.0
18	linguistics_intros		Bilingual_childrens_lexical_strategies_in_a_narrative_task_.txt	<Intro>	1847.0	468.0	6.0
19	linguistics_intros		Bilingual_childrens_lexical_strategies_in_a_narrative_task_.txt	<Middle>	4318.0	1119.0	30.0
20	linguistics_intros		Bilingual_childrens_lexical_strategies_in_a_narrative_task_.txt	<Conclusion>	1363.0	366.0	25.0
21	linguistics_intros		Borba-2017-Journal_of_Sociolinguistics.txt	<Intro>	1177.0	308.0	18.0
22	linguistics_intros		Borba-2017-Journal_of_Sociolinguistics.txt	<Middle>	8044.0	1877.0	42.0
23	linguistics_intros		Borba-2017-Journal_of_Sociolinguistics.txt	<Conclusion>	676.0	184.0	7.0
24	linguistics_intros		Carmichael-2017-Journal_of_Sociolinguistics.txt	<Intro>	2194.0	575.0	10.0
25	linguistics_intros		Carmichael-2017-Journal_of_Sociolinguistics.txt	<Middle>	2218.0	601.0	18.0
26	linguistics_intros		Carmichael-2017-Journal_of_Sociolinguistics.txt	<Conclusion>	2117.0	565.0	24.0
27	linguistics_intros		Case_assignment_in_English-speaking_children_a_paired_priming_paradigm.txt	<Intro>	2351.0	615.0	28.0
28	linguistics_intros		Case_assignment_in_English-speaking_children_a_paired_priming_paradigm.txt	<Middle>	3915.0	1107.0	95.0
29	linguistics_intros		Case_assignment_in_English-speaking_children_a_paired_priming_paradigm.txt	<Conclusion>	2223.0	546.0	3.0
30	linguistics_intros		Childrens_use_of_evaluative_devices_in_spoken_and_written_narratives_.txt	<Intro>	2354.0	597.0	18.0
31	linguistics_intros		Childrens_use_of_evaluative_devices_in_spoken_and_written_narratives_.txt	<Middle>	3310.0	891.0	12.0
32	linguistics_intros		Childrens_use_of_evaluative_devices_in_spoken_and_written_narratives_.txt	<Conclusion>	4378.0	1144.0	32.0
33	linguistics_intros		Children_perceive_speech_onsets_by_ear_and_eye_.txt	<Intro>	2657.0	732.0	35.0
34	linguistics_intros		Children_perceive_speech_onsets_by_ear_and_eye_.txt	<Middle>	5178.0	1536.0	111.0
35	linguistics_intros		Children_perceive_speech_onsets_by_ear_and_eye_.txt	<Conclusion>	1035.0	280.0	13.0
36	linguistics_intros		Deumert_et_al-2017-Journal_of_Sociolinguistics.txt	<Intro>	857.0	222.0	3.0
37	linguistics_intros		Deumert_et_al-2017-Journal_of_Sociolinguistics.txt	<Middle>	6884.0	1575.0	30.0
38	linguistics_intros		Deumert_et_al-2017-Journal_of_Sociolinguistics.txt	<Conclusion>	824.0	226.0	0.0
39	linguistics_intros		Diversity_matters_parent_input_predicts_toddler_verb_production_.txt	<Intro>	2303.0	694.0	61.0
40	linguistics_intros		Diversity_matters_parent_input_predicts_toddler_verb_production_.txt	<Middle>	3960.0	1118.0	84.0
41	linguistics_intros		Diversity_matters_parent_input_predicts_toddler_verb_production_.txt	<Conclusion>	1833.0	513.0	30.0
42	linguistics_intros		Earvoice_span_and_pauses_in_intra-_and_interlingual_respeaking_An_exploratory_study_into_temporal_as.txt	<Intro>	3255.0	807.0	29.0
43	linguistics_intros		Earvoice_span_and_pauses_in_intra-_and_interlingual_respeaking_An_exploratory_study_into_temporal_as.txt	<Middle>	6014.0	1458.0	40.0
44	linguistics_intros		Earvoice_span_and_pauses_in_intra-_and_interlingual_respeaking_An_exploratory_study_into_temporal_as.txt	<Conclusion>	1405.0	375.0	16.0
45	linguistics_intros		Eckert_et_al-2017-Journal_of_Sociolinguistics.txt	<Intro>	1730.0	487.0	6.0
46	linguistics_intros		Eckert_et_al-2017-Journal_of_Sociolinguistics.txt	<Middle>	7734.0	1959.0	24.0
47	linguistics_intros		Eckert_et_al-2017-Journal_of_Sociolinguistics.txt	<Conclusion>	272.0	69.0	0.0
48	linguistics_intros		Hebrew_verbal_passives_in_Later_Language_Development_the_interface_of_register_and_verb_morphology_.txt	<Intro>	3934.0	1069.0	41.0
49	linguistics_intros		Hebrew_verbal_passives_in_Later_Language_Development_the_interface_of_register_and_verb_morphology_.txt	<Middle>	2320.0	551.0	18.0
50	linguistics_intros		Hebrew_verbal_passives_in_Later_Language_Development_the_interface_of_register_and_verb_morphology_.txt	<Conclusion>	2025.0	518.0	6.0
51	linguistics_intros		How_do_language-specific_characteristics_affect_the_acquisition_of_different_relative_clause_types_E.txt	<Intro>	1606.0	378.0	21.0
52	linguistics_intros		How_do_language-specific_characteristics_affect_the_acquisition_of_different_relative_clause_types_E.txt	<Middle>	8112.0	2100.0	98.0
53	linguistics_intros		How_do_language-specific_characteristics_affect_the_acquisition_of_different_relative_clause_types_E.txt	<Conclusion>	2056.0	515.0	9.0
54	linguistics_intros		Introducing_the_Infant_Bookreading_Database_IBDb_.txt	<Intro>	585.0	162.0	3.0
55	linguistics_intros		Introducing_the_Infant_Bookreading_Database_IBDb_.txt	<Middle>	3424.0	830.0	27.0
56	linguistics_intros		Introducing_the_Infant_Bookreading_Database_IBDb_.txt	<Conclusion>	1915.0	438.0	10.0
57	linguistics_intros		King-2017-Journal_of_Sociolinguistics.txt	<Intro>	3048.0	689.0	16.0
58	linguistics_intros		King-2017-Journal_of_Sociolinguistics.txt	<Middle>	3786.0	962.0	23.0
59	linguistics_intros		King-2017-Journal_of_Sociolinguistics.txt	<Conclusion>	816.0	209.0	3.0
60	linguistics_intros		Lam_et_al-2017-Journal_of_Sociolinguistics.txt	<Intro>	2634.0	681.0	18.0
61	linguistics_intros		Lam_et_al-2017-Journal_of_Sociolinguistics.txt	<Middle>	3964.0	1142.0	46.0
62	linguistics_intros		Lam_et_al-2017-Journal_of_Sociolinguistics.txt	<Conclusion>	1544.0	403.0	9.0
63	linguistics_intros		Lawson-2017-Journal_of_Sociolinguistics.txt	<Intro>	1665.0	457.0	12.0
64	linguistics_intros		Lawson-2017-Journal_of_Sociolinguistics.txt	<Middle>	6310.0	1498.0	27.0
65	linguistics_intros		Lawson-2017-Journal_of_Sociolinguistics.txt	<Conclusion>	735.0	217.0	3.0
66	linguistics_intros		Lazar-2017-Journal_of_Sociolinguistics.txt	<Intro>	1515.0	408.0	9.0
67	linguistics_intros		Lazar-2017-Journal_of_Sociolinguistics.txt	<Middle>	6612.0	1653.0	43.0
68	linguistics_intros		Lazar-2017-Journal_of_Sociolinguistics.txt	<Conclusion>	650.0	170.0	0.0
69	linguistics_intros		Learning_words_from_speakers_with_false_beliefs_.txt	<Intro>	2665.0	682.0	21.0
70	linguistics_intros		Learning_words_from_speakers_with_false_beliefs_.txt	<Middle>	2513.0	675.0	30.0
71	linguistics_intros		Learning_words_from_speakers_with_false_beliefs_.txt	<Conclusion>	1440.0	376.0	3.0
72	linguistics_intros		Lexical_tone_variation_and_spoken_word_recognition_in_preschool_children_effects_of_perceptual_salie.txt	<Intro>	1775.0	489.0	12.0
73	linguistics_intros		Lexical_tone_variation_and_spoken_word_recognition_in_preschool_children_effects_of_perceptual_salie.txt	<Middle>	2347.0	675.0	24.0
74	linguistics_intros		Lexical_tone_variation_and_spoken_word_recognition_in_preschool_children_effects_of_perceptual_salie.txt	<Conclusion>	1313.0	363.0	16.0
75	linguistics_intros		Listening_comprehension_of_academic_and_everyday_language_in_first_language_and_second_language_stud.txt	<Intro>	2978.0	776.0	12.0
76	linguistics_intros		Listening_comprehension_of_academic_and_everyday_language_in_first_language_and_second_language_stud.txt	<Middle>	3140.0	803.0	33.0
77	linguistics_intros		Listening_comprehension_of_academic_and_everyday_language_in_first_language_and_second_language_stud.txt	<Conclusion>	2715.0	708.0	6.0
78	linguistics_intros		Mendoza-Denton_et_al-2017-Journal_of_Sociolinguistics.txt	<Intro>	3119.0	841.0	29.0
79	linguistics_intros		Mendoza-Denton_et_al-2017-Journal_of_Sociolinguistics.txt	<Middle>	4427.0	1023.0	55.0
80	linguistics_intros		Mendoza-Denton_et_al-2017-Journal_of_Sociolinguistics.txt	<Conclusion>	885.0	229.0	9.0
81	linguistics_intros		Morphological_awareness_Construct_and_predictive_validity_in_Arabic.txt	<Intro>	2725.0	694.0	27.0
82	linguistics_intros		Morphological_awareness_Construct_and_predictive_validity_in_Arabic.txt	<Middle>	3606.0	964.0	28.0
83	linguistics_intros		Morphological_awareness_Construct_and_predictive_validity_in_Arabic.txt	<Conclusion>	1685.0	412.0	9.0
84	linguistics_intros		Observing_iconic_gestures_enhances_word_learning_in_typically_developing_children_and_children_with_.txt	<Intro>	1553.0	430.0	24.0
85	linguistics_intros		Observing_iconic_gestures_enhances_word_learning_in_typically_developing_children_and_children_with_.txt	<Middle>	3323.0	1028.0	95.0
86	linguistics_intros		Observing_iconic_gestures_enhances_word_learning_in_typically_developing_children_and_children_with_.txt	<Conclusion>	1747.0	544.0	6.0
87	linguistics_intros		Ostermann-2017-Journal_of_Sociolinguistics.txt	<Intro>	943.0	205.0	3.0
88	linguistics_intros		Ostermann-2017-Journal_of_Sociolinguistics.txt	<Middle>	4415.0	1062.0	18.0
89	linguistics_intros		Ostermann-2017-Journal_of_Sociolinguistics.txt	<Conclusion>	1117.0	288.0	3.0
90	linguistics_intros		Pragmatic_inferences_in_context_learning_to_interpret_contrastive_prosody_.txt	<Intro>	2604.0	629.0	25.0
91	linguistics_intros		Pragmatic_inferences_in_context_learning_to_interpret_contrastive_prosody_.txt	<Middle>	5004.0	1277.0	30.0
92	linguistics_intros		Pragmatic_inferences_in_context_learning_to_interpret_contrastive_prosody_.txt	<Conclusion>	1295.0	307.0	6.0
93	linguistics_intros		Predicting_the_development_of_interrogative_forms_and_functions_in_early_years_a_corpus-based_study_.txt	<Intro>	2012.0	522.0	19.0
94	linguistics_intros		Predicting_the_development_of_interrogative_forms_and_functions_in_early_years_a_corpus-based_study_.txt	<Middle>	2411.0	647.0	62.0
95	linguistics_intros		Predicting_the_development_of_interrogative_forms_and_functions_in_early_years_a_corpus-based_study_.txt	<Conclusion>	2096.0	592.0	18.0
96	linguistics_intros		Processing_of_word-level_stress_by_Mandarin-speaking_second_language_learners_of_English.txt	<Intro>	1865.0	437.0	18.0
97	linguistics_intros		Processing_of_word-level_stress_by_Mandarin-speaking_second_language_learners_of_English.txt	<Middle>	7564.0	1987.0	157.0
98	linguistics_intros		Processing_of_word-level_stress_by_Mandarin-speaking_second_language_learners_of_English.txt	<Conclusion>	1208.0	286.0	12.0
99	linguistics_intros		Production_and_comprehension_of_French_wh-questions_by_children_with_autism_spectrum_disorder_A_comp.txt	<Intro>	2829.0	745.0	9.0
100	linguistics_intros		Production_and_comprehension_of_French_wh-questions_by_children_with_autism_spectrum_disorder_A_comp.txt	<Middle>	7716.0	1876.0	41.0
101	linguistics_intros		Production_and_comprehension_of_French_wh-questions_by_children_with_autism_spectrum_disorder_A_comp.txt	<Conclusion>	1758.0	502.0	27.0
102	linguistics_intros		Prominence_of_gender_cues_in_the_assignment_of_thematic_roles_in_German.txt	<Intro>	1716.0	456.0	12.0
103	linguistics_intros		Prominence_of_gender_cues_in_the_assignment_of_thematic_roles_in_German.txt	<Middle>	5684.0	1500.0	38.0
104	linguistics_intros		Prominence_of_gender_cues_in_the_assignment_of_thematic_roles_in_German.txt	<Conclusion>	2355.0	652.0	35.0
105	linguistics_intros		Prosodic_development_in_European_Portuguese_from_childhood_to_adulthood.txt	<Intro>	2255.0	601.0	15.0
106	linguistics_intros		Prosodic_development_in_European_Portuguese_from_childhood_to_adulthood.txt	<Middle>	3841.0	932.0	28.0
107	linguistics_intros		Prosodic_development_in_European_Portuguese_from_childhood_to_adulthood.txt	<Conclusion>	2075.0	554.0	23.0
108	linguistics_intros		Prosodic_differences_between_declaratives_and_interrogatives_in_infant-directed_speech_.txt	<Intro>	2273.0	625.0	31.0
109	linguistics_intros		Prosodic_differences_between_declaratives_and_interrogatives_in_infant-directed_speech_.txt	<Middle>	2686.0	779.0	30.0
110	linguistics_intros		Prosodic_differences_between_declaratives_and_interrogatives_in_infant-directed_speech_.txt	<Conclusion>	3260.0	869.0	33.0
111	linguistics_intros		Resolving_referential_ambiguity_across_ambiguous_situations_in_young_foreign_language_learners.txt	<Intro>	1665.0	439.0	34.0
112	linguistics_intros		Resolving_referential_ambiguity_across_ambiguous_situations_in_young_foreign_language_learners.txt	<Middle>	4658.0	1316.0	71.0
113	linguistics_intros		Resolving_referential_ambiguity_across_ambiguous_situations_in_young_foreign_language_learners.txt	<Conclusion>	1927.0	538.0	28.0
114	linguistics_intros		Robertson-2017-Journal_of_Sociolinguistics.txt	<Intro>	2088.0	560.0	9.0
115	linguistics_intros		Robertson-2017-Journal_of_Sociolinguistics.txt	<Middle>	4431.0	1156.0	27.0
116	linguistics_intros		Robertson-2017-Journal_of_Sociolinguistics.txt	<Conclusion>	1010.0	277.0	9.0
117	linguistics_intros		Rojo_et_al-2017-Journal_of_Sociolinguistics.txt	<Intro>	1157.0	360.0	6.0
118	linguistics_intros		Rojo_et_al-2017-Journal_of_Sociolinguistics.txt	<Middle>	5526.0	1511.0	36.0
119	linguistics_intros		Rojo_et_al-2017-Journal_of_Sociolinguistics.txt	<Conclusion>	660.0	207.0	3.0
120	linguistics_intros		Second_language_acquisition_of_pragmatic_inferences_Evidence_from_the_French_cest-cleft.txt	<Intro>	3676.0	932.0	15.0
121	linguistics_intros		Second_language_acquisition_of_pragmatic_inferences_Evidence_from_the_French_cest-cleft.txt	<Middle>	3853.0	960.0	46.0
122	linguistics_intros		Second_language_acquisition_of_pragmatic_inferences_Evidence_from_the_French_cest-cleft.txt	<Conclusion>	2462.0	668.0	30.0
123	linguistics_intros		Shaikjee_et_al-2017-Journal_of_Sociolinguistics.txt	<Intro>	1551.0	453.0	6.0
124	linguistics_intros		Shaikjee_et_al-2017-Journal_of_Sociolinguistics.txt	<Middle>	6894.0	1819.0	52.0
125	linguistics_intros		Shaikjee_et_al-2017-Journal_of_Sociolinguistics.txt	<Conclusion>	1096.0	314.0	3.0
126	linguistics_intros		Simple_morphological_spelling_rules_are_not_always_used_Individual_differences_in_children_and_adult.txt	<Intro>	2428.0	569.0	25.0
127	linguistics_intros		Simple_morphological_spelling_rules_are_not_always_used_Individual_differences_in_children_and_adult.txt	<Middle>	4972.0	1307.0	60.0
128	linguistics_intros		Simple_morphological_spelling_rules_are_not_always_used_Individual_differences_in_children_and_adult.txt	<Conclusion>	1996.0	504.0	9.0
129	linguistics_intros		Structural_priming_during_sentence_comprehension_in_ChineseEnglish_bilinguals.txt	<Intro>	3357.0	877.0	30.0
130	linguistics_intros		Structural_priming_during_sentence_comprehension_in_ChineseEnglish_bilinguals.txt	<Middle>	2144.0	551.0	40.0
131	linguistics_intros		Structural_priming_during_sentence_comprehension_in_ChineseEnglish_bilinguals.txt	<Conclusion>	2779.0	705.0	50.0
132	linguistics_intros		Syllables_and_morphemes_in_German_reading_development_Evidence_from_second_graders_fourth_graders_an.txt	<Intro>	2798.0	746.0	28.0
133	linguistics_intros		Syllables_and_morphemes_in_German_reading_development_Evidence_from_second_graders_fourth_graders_an.txt	<Middle>	1969.0	525.0	27.0
134	linguistics_intros		Syllables_and_morphemes_in_German_reading_development_Evidence_from_second_graders_fourth_graders_an.txt	<Conclusion>	1753.0	498.0	6.0
135	linguistics_intros		Tesseur-2017-Journal_of_Sociolinguistics.txt	<Intro>	2438.0	661.0	21.0
136	linguistics_intros		Tesseur-2017-Journal_of_Sociolinguistics.txt	<Middle>	3677.0	942.0	51.0
137	linguistics_intros		Tesseur-2017-Journal_of_Sociolinguistics.txt	<Conclusion>	712.0	216.0	3.0
138	linguistics_intros		The_development_of_categorical_perception_of_Mandarin_tones_in_four-_to_seven-year-old_children_.txt	<Intro>	1886.0	485.0	21.0
139	linguistics_intros		The_development_of_categorical_perception_of_Mandarin_tones_in_four-_to_seven-year-old_children_.txt	<Middle>	2696.0	756.0	73.0
140	linguistics_intros		The_development_of_categorical_perception_of_Mandarin_tones_in_four-_to_seven-year-old_children_.txt	<Conclusion>	1598.0	454.0	18.0
141	linguistics_intros		The_effect_of_shyness_on_childrens_formation_and_retention_of_novel_wordobject_mappings_.txt	<Intro>	1984.0	513.0	21.0
142	linguistics_intros		The_effect_of_shyness_on_childrens_formation_and_retention_of_novel_wordobject_mappings_.txt	<Middle>	2696.0	769.0	42.0
143	linguistics_intros		The_effect_of_shyness_on_childrens_formation_and_retention_of_novel_wordobject_mappings_.txt	<Conclusion>	1897.0	519.0	0.0
144	linguistics_intros		The_emergence_of_phonetic_categories_in_KoreanEnglish_bilingual_children_.txt	<Intro>	2832.0	654.0	18.0
145	linguistics_intros		The_emergence_of_phonetic_categories_in_KoreanEnglish_bilingual_children_.txt	<Middle>	3444.0	919.0	39.0
146	linguistics_intros		The_emergence_of_phonetic_categories_in_KoreanEnglish_bilingual_children_.txt	<Conclusion>	2017.0	516.0	9.0
147	linguistics_intros		The_moustache_sits_down_first_on_the_acquisition_of_metonymy_.txt	<Intro>	1790.0	476.0	15.0
148	linguistics_intros		The_moustache_sits_down_first_on_the_acquisition_of_metonymy_.txt	<Middle>	7846.0	2014.0	40.0
149	linguistics_intros		The_moustache_sits_down_first_on_the_acquisition_of_metonymy_.txt	<Conclusion>	1672.0	427.0	6.0
150	linguistics_intros		The_role_of_cognitive_control_in_anaphor_resolution_in_children_with_specific_language_impairment.txt	<Intro>	4366.0	1228.0	79.0
151	linguistics_intros		The_role_of_cognitive_control_in_anaphor_resolution_in_children_with_specific_language_impairment.txt	<Middle>	3356.0	885.0	71.0
152	linguistics_intros		The_role_of_cognitive_control_in_anaphor_resolution_in_children_with_specific_language_impairment.txt	<Conclusion>	1531.0	469.0	37.0
153	linguistics_intros		The_role_of_geminates_in_infants_early_word_production_and_word-form_recognition_.txt	<Intro>	1551.0	383.0	32.0
154	linguistics_intros		The_role_of_geminates_in_infants_early_word_production_and_word-form_recognition_.txt	<Middle>	5419.0	1401.0	24.0
155	linguistics_intros		The_role_of_geminates_in_infants_early_word_production_and_word-form_recognition_.txt	<Conclusion>	1635.0	425.0	12.0
156	linguistics_intros		Underlying_manifestations_of_developmental_phonological_disorders_in_French-speaking_pre-schoolers_.txt	<Intro>	1563.0	458.0	60.0
157	linguistics_intros		Underlying_manifestations_of_developmental_phonological_disorders_in_French-speaking_pre-schoolers_.txt	<Middle>	2869.0	895.0	64.0
158	linguistics_intros		Underlying_manifestations_of_developmental_phonological_disorders_in_French-speaking_pre-schoolers_.txt	<Conclusion>	1653.0	507.0	37.0
159	linguistics_intros		Utilization_of_prosodic_and_linguistic_cues_during_perceptions_of_nonunderstandings_in_radio_communi.txt	<Intro>	3465.0	925.0	55.0
160	linguistics_intros		Utilization_of_prosodic_and_linguistic_cues_during_perceptions_of_nonunderstandings_in_radio_communi.txt	<Middle>	4019.0	974.0	89.0
161	linguistics_intros		Utilization_of_prosodic_and_linguistic_cues_during_perceptions_of_nonunderstandings_in_radio_communi.txt	<Conclusion>	2612.0	738.0	33.0
162	linguistics_intros		Validity_of_new_measures_of_implicit_knowledge_Distinguishing_implicit_knowledge_from_automatized_ex.txt	<Intro>	1354.0	364.0	32.0
163	linguistics_intros		Validity_of_new_measures_of_implicit_knowledge_Distinguishing_implicit_knowledge_from_automatized_ex.txt	<Middle>	8641.0	2366.0	131.0
164	linguistics_intros		Validity_of_new_measures_of_implicit_knowledge_Distinguishing_implicit_knowledge_from_automatized_ex.txt	<Conclusion>	393.0	107.0	6.0
165	linguistics_intros		Visual_salience_effects_on_speaker_choices_Direct_or_indirect_influences_on_linguistic_processing.txt	<Intro>	1141.0	253.0	15.0
166	linguistics_intros		Visual_salience_effects_on_speaker_choices_Direct_or_indirect_influences_on_linguistic_processing.txt	<Middle>	7524.0	1805.0	61.0
167	linguistics_intros		Visual_salience_effects_on_speaker_choices_Direct_or_indirect_influences_on_linguistic_processing.txt	<Conclusion>	1965.0	484.0	12.0
168	linguistics_intros		Wong_et_al-2017-Journal_of_Sociolinguistics.txt	<Intro>	2221.0	577.0	22.0
169	linguistics_intros		Wong_et_al-2017-Journal_of_Sociolinguistics.txt	<Middle>	2609.0	694.0	61.0
170	linguistics_intros		Wong_et_al-2017-Journal_of_Sociolinguistics.txt	<Conclusion>	1921.0	542.0	22.0
171	linguistics_intros		_Dog_or_chien_Translation_equivalents_in_the_receptive_and_expressive_vocabularies_of_young_FrenchEn.txt	<Intro>	1595.0	419.0	16.0
172	linguistics_intros		_Dog_or_chien_Translation_equivalents_in_the_receptive_and_expressive_vocabularies_of_young_FrenchEn.txt	<Middle>	1302.0	351.0	13.0
173	linguistics_intros		_Dog_or_chien_Translation_equivalents_in_the_receptive_and_expressive_vocabularies_of_young_FrenchEn.txt	<Conclusion>	4524.0	1226.0	33.0
0	economics_intros		-De-financialization--of-commodities--Evidence-from-stock--c_2017_Energy-Eco.txt	<Intro>	1831.0	608.0	97.0
1	economics_intros		-De-financialization--of-commodities--Evidence-from-stock--c_2017_Energy-Eco.txt	<Middle>	4012.0	1075.0	47.0
2	economics_intros		-De-financialization--of-commodities--Evidence-from-stock--c_2017_Energy-Eco.txt	<Conclusion>	566.0	185.0	20.0
3	economics_intros		A-Decision-theory-Approach-to-Cost-effective-Population-Su_2017_Ecological-E.txt	<Intro>	1452.0	417.0	27.0
4	economics_intros		A-Decision-theory-Approach-to-Cost-effective-Population-Su_2017_Ecological-E.txt	<Middle>	1999.0	580.0	43.0
5	economics_intros		A-Decision-theory-Approach-to-Cost-effective-Population-Su_2017_Ecological-E.txt	<Conclusion>	1866.0	585.0	40.0
6	economics_intros		A-model-to-assess-the-impact-of-employment-policy-and-subsidiz_2017_Energy-E.txt	<Intro>	1202.0	386.0	31.0
7	economics_intros		A-model-to-assess-the-impact-of-employment-policy-and-subsidiz_2017_Energy-E.txt	<Middle>	3558.0	1087.0	108.0
8	economics_intros		A-model-to-assess-the-impact-of-employment-policy-and-subsidiz_2017_Energy-E.txt	<Conclusion>	718.0	217.0	3.0
9	economics_intros		A-Multi-region-Structural-Decomposition-Analysis-of-Globa_2017_Ecological-Ec.txt	<Intro>	1244.0	392.0	39.0
10	economics_intros		A-Multi-region-Structural-Decomposition-Analysis-of-Globa_2017_Ecological-Ec.txt	<Middle>	3897.0	1066.0	124.0
11	economics_intros		A-Multi-region-Structural-Decomposition-Analysis-of-Globa_2017_Ecological-Ec.txt	<Conclusion>	1087.0	323.0	36.0
12	economics_intros		A-regime-switching-copula-approach-to-modeling-day-ahead-pri_2017_Energy-Eco.txt	<Intro>	1236.0	355.0	39.0
13	economics_intros		A-regime-switching-copula-approach-to-modeling-day-ahead-pri_2017_Energy-Eco.txt	<Middle>	7580.0	1952.0	169.0
14	economics_intros		A-regime-switching-copula-approach-to-modeling-day-ahead-pri_2017_Energy-Eco.txt	<Conclusion>	957.0	279.0	12.0
15	economics_intros		Accounting-conservatism-and-firm-investment_2016_Journal-of-Accounting-and-E.txt	<Intro>	2776.0	821.0	13.0
16	economics_intros		Accounting-conservatism-and-firm-investment_2016_Journal-of-Accounting-and-E.txt	<Middle>	5391.0	1550.0	78.0
17	economics_intros		Accounting-conservatism-and-firm-investment_2016_Journal-of-Accounting-and-E.txt	<Conclusion>	246.0	70.0	0.0
18	economics_intros		Aggregate-earnings-surprises--monetary-policy-_2016_Journal-of-Accounting-an.txt	<Intro>	2330.0	751.0	82.0
19	economics_intros		Aggregate-earnings-surprises--monetary-policy-_2016_Journal-of-Accounting-an.txt	<Middle>	4499.0	1272.0	141.0
20	economics_intros		Aggregate-earnings-surprises--monetary-policy-_2016_Journal-of-Accounting-an.txt	<Conclusion>	241.0	79.0	9.0
21	economics_intros		Airfares-and-oil-prices---Feathers-and-Rockets--adjustme_2017_Energy-Economi.txt	<Intro>	1147.0	396.0	21.0
22	economics_intros		Airfares-and-oil-prices---Feathers-and-Rockets--adjustme_2017_Energy-Economi.txt	<Middle>	1895.0	524.0	45.0
23	economics_intros		Airfares-and-oil-prices---Feathers-and-Rockets--adjustme_2017_Energy-Economi.txt	<Conclusion>	2776.0	873.0	46.0
24	economics_intros		An-Agent-based-Model-of-the-South-African-Offshore-Hake-Trawl_2017_Ecologica.txt	<Intro>	1352.0	393.0	46.0
25	economics_intros		An-Agent-based-Model-of-the-South-African-Offshore-Hake-Trawl_2017_Ecologica.txt	<Middle>	5020.0	1508.0	119.0
26	economics_intros		An-Agent-based-Model-of-the-South-African-Offshore-Hake-Trawl_2017_Ecologica.txt	<Conclusion>	1286.0	420.0	32.0
27	economics_intros		An-Agent-based-Model-of-the-South-African-Offshore-Hake-Traw_2017_Ecological.txt	<Intro>	1063.0	291.0	21.0
28	economics_intros		An-Agent-based-Model-of-the-South-African-Offshore-Hake-Traw_2017_Ecological.txt	<Middle>	2593.0	782.0	68.0
29	economics_intros		An-Agent-based-Model-of-the-South-African-Offshore-Hake-Traw_2017_Ecological.txt	<Conclusion>	550.0	169.0	19.0
30	economics_intros		An-Economic-Analysis-of-the-Threats-Posed-by-the-Establishm_2017_Ecological-.txt	<Intro>	1030.0	248.0	19.0
31	economics_intros		An-Economic-Analysis-of-the-Threats-Posed-by-the-Establishm_2017_Ecological-.txt	<Middle>	3663.0	1006.0	70.0
32	economics_intros		An-Economic-Analysis-of-the-Threats-Posed-by-the-Establishm_2017_Ecological-.txt	<Conclusion>	2022.0	481.0	23.0
33	economics_intros		An-investigation-of-renewable-and-non-renewable-energy-consumpti_2017_Energy.txt	<Intro>	5319.0	1564.0	144.0
34	economics_intros		An-investigation-of-renewable-and-non-renewable-energy-consumpti_2017_Energy.txt	<Middle>	3557.0	1046.0	37.0
35	economics_intros		An-investigation-of-renewable-and-non-renewable-energy-consumpti_2017_Energy.txt	<Conclusion>	354.0	115.0	6.0
36	economics_intros		Are-we-in-deep-water--Water-scarcity-and-its-limits-to-_2017_Ecological-Econ.txt	<Intro>	1512.0	478.0	50.0
37	economics_intros		Are-we-in-deep-water--Water-scarcity-and-its-limits-to-_2017_Ecological-Econ.txt	<Middle>	6277.0	1698.0	112.0
38	economics_intros		Are-we-in-deep-water--Water-scarcity-and-its-limits-to-_2017_Ecological-Econ.txt	<Conclusion>	1425.0	416.0	24.0
39	economics_intros		Borrower-private-information-covenants-and-loa_2017_Journal-of-Accounting-an.txt	<Intro>	5160.0	1682.0	189.0
40	economics_intros		Borrower-private-information-covenants-and-loa_2017_Journal-of-Accounting-an.txt	<Middle>	6129.0	1862.0	257.0
41	economics_intros		Borrower-private-information-covenants-and-loa_2017_Journal-of-Accounting-an.txt	<Conclusion>	971.0	329.0	56.0
42	economics_intros		Bounds-testing-approach-to-analyzing-the-environment-Kuznets-cur_2017_Energy.txt	<Intro>	3562.0	1155.0	96.0
43	economics_intros		Bounds-testing-approach-to-analyzing-the-environment-Kuznets-cur_2017_Energy.txt	<Middle>	3622.0	1181.0	151.0
44	economics_intros		Bounds-testing-approach-to-analyzing-the-environment-Kuznets-cur_2017_Energy.txt	<Conclusion>	730.0	271.0	31.0
45	economics_intros		CEO-turnover-in-large-banks--Does-tail-ris_2017_Journal-of-Accounting-and-Ec.txt	<Intro>	2875.0	876.0	49.0
46	economics_intros		CEO-turnover-in-large-banks--Does-tail-ris_2017_Journal-of-Accounting-and-Ec.txt	<Middle>	5717.0	1675.0	125.0
47	economics_intros		CEO-turnover-in-large-banks--Does-tail-ris_2017_Journal-of-Accounting-and-Ec.txt	<Conclusion>	182.0	63.0	3.0
48	economics_intros		Chinese-airline-efficiency-under-CO2-emissions-and-flight-de_2017_Energy-Eco.txt	<Intro>	2199.0	560.0	21.0
49	economics_intros		Chinese-airline-efficiency-under-CO2-emissions-and-flight-de_2017_Energy-Eco.txt	<Middle>	3818.0	978.0	69.0
50	economics_intros		Chinese-airline-efficiency-under-CO2-emissions-and-flight-de_2017_Energy-Eco.txt	<Conclusion>	2051.0	553.0	28.0
51	economics_intros		Commercial-lending-concentration-and-bank-expertise-_2017_Journal-of-Account.txt	<Intro>	3087.0	1013.0	74.0
52	economics_intros		Commercial-lending-concentration-and-bank-expertise-_2017_Journal-of-Account.txt	<Middle>	7384.0	2261.0	176.0
53	economics_intros		Commercial-lending-concentration-and-bank-expertise-_2017_Journal-of-Account.txt	<Conclusion>	437.0	144.0	9.0
54	economics_intros		Common-auditors-in-M-amp-A-transactio_2016_Journal-of-Accounting-and-Economi.txt	<Intro>	3178.0	942.0	69.0
55	economics_intros		Common-auditors-in-M-amp-A-transactio_2016_Journal-of-Accounting-and-Economi.txt	<Middle>	6580.0	1897.0	158.0
56	economics_intros		Common-auditors-in-M-amp-A-transactio_2016_Journal-of-Accounting-and-Economi.txt	<Conclusion>	452.0	139.0	3.0
57	economics_intros		Compensating-Environmental-Losses-Versus-Creating-Environmen_2017_Ecological.txt	<Intro>	4211.0	1202.0	48.0
58	economics_intros		Compensating-Environmental-Losses-Versus-Creating-Environmen_2017_Ecological.txt	<Middle>	2545.0	716.0	27.0
59	economics_intros		Compensating-Environmental-Losses-Versus-Creating-Environmen_2017_Ecological.txt	<Conclusion>	765.0	229.0	9.0
60	economics_intros		Competition-for-talent-under-performance-ma_2017_Journal-of-Accounting-and-E.txt	<Intro>	2655.0	751.0	35.0
61	economics_intros		Competition-for-talent-under-performance-ma_2017_Journal-of-Accounting-and-E.txt	<Middle>	6590.0	1611.0	68.0
62	economics_intros		Competition-for-talent-under-performance-ma_2017_Journal-of-Accounting-and-E.txt	<Conclusion>	299.0	89.0	0.0
63	economics_intros		Conditionally-conservative-fair-value-meas_2017_Journal-of-Accounting-and-Ec.txt	<Intro>	2542.0	788.0	51.0
64	economics_intros		Conditionally-conservative-fair-value-meas_2017_Journal-of-Accounting-and-Ec.txt	<Middle>	8247.0	2225.0	227.0
65	economics_intros		Conditionally-conservative-fair-value-meas_2017_Journal-of-Accounting-and-Ec.txt	<Conclusion>	706.0	228.0	9.0
66	economics_intros		Counterintuitive-Proposals-for-Trans-boundary-Ecological-Com_2017_Ecological.txt	<Intro>	1574.0	428.0	22.0
67	economics_intros		Counterintuitive-Proposals-for-Trans-boundary-Ecological-Com_2017_Ecological.txt	<Middle>	2746.0	726.0	33.0
68	economics_intros		Counterintuitive-Proposals-for-Trans-boundary-Ecological-Com_2017_Ecological.txt	<Conclusion>	1884.0	501.0	36.0
69	economics_intros		Cournot-competition-and--green--innovation--An-inverted-U_2017_Energy-Econom.txt	<Intro>	1130.0	334.0	12.0
70	economics_intros		Cournot-competition-and--green--innovation--An-inverted-U_2017_Energy-Econom.txt	<Middle>	2541.0	676.0	38.0
71	economics_intros		Cournot-competition-and--green--innovation--An-inverted-U_2017_Energy-Econom.txt	<Conclusion>	154.0	51.0	3.0
72	economics_intros		Cross-constrained-Measuring-the-Cost-environment-Efficiency_2017_Ecological-.txt	<Intro>	940.0	270.0	26.0
73	economics_intros		Cross-constrained-Measuring-the-Cost-environment-Efficiency_2017_Ecological-.txt	<Middle>	5479.0	1559.0	90.0
74	economics_intros		Cross-constrained-Measuring-the-Cost-environment-Efficiency_2017_Ecological-.txt	<Conclusion>	1290.0	411.0	46.0
75	economics_intros		Customer-concentration-risk-and-the-cost-of-_2016_Journal-of-Accounting-and-.txt	<Intro>	1838.0	543.0	46.0
76	economics_intros		Customer-concentration-risk-and-the-cost-of-_2016_Journal-of-Accounting-and-.txt	<Middle>	8208.0	2488.0	192.0
77	economics_intros		Customer-concentration-risk-and-the-cost-of-_2016_Journal-of-Accounting-and-.txt	<Conclusion>	268.0	82.0	6.0
78	economics_intros		Dealing-with--Baggage--in-Riparian-Relationship-on-Water-Allo_2017_Ecologica.txt	<Intro>	2276.0	624.0	15.0
79	economics_intros		Dealing-with--Baggage--in-Riparian-Relationship-on-Water-Allo_2017_Ecologica.txt	<Middle>	643.0	174.0	0.0
80	economics_intros		Dealing-with--Baggage--in-Riparian-Relationship-on-Water-Allo_2017_Ecologica.txt	<Conclusion>	4288.0	1191.0	43.0
81	economics_intros		Directional-predictability-from-oil-market-uncertainty-to-soverei_2017_Energ.txt	<Intro>	1903.0	598.0	95.0
82	economics_intros		Directional-predictability-from-oil-market-uncertainty-to-soverei_2017_Energ.txt	<Middle>	1391.0	374.0	51.0
83	economics_intros		Directional-predictability-from-oil-market-uncertainty-to-soverei_2017_Energ.txt	<Conclusion>	3149.0	914.0	81.0
84	economics_intros		Director-networks-and-informed-trader_2016_Journal-of-Accounting-and-Economi.txt	<Intro>	956.0	318.0	15.0
85	economics_intros		Director-networks-and-informed-trader_2016_Journal-of-Accounting-and-Economi.txt	<Middle>	7759.0	2315.0	195.0
86	economics_intros		Director-networks-and-informed-trader_2016_Journal-of-Accounting-and-Economi.txt	<Conclusion>	432.0	141.0	12.0
87	economics_intros		Directors--and-officers--liability-insurance-a_2016_Journal-of-Accounting-an.txt	<Intro>	2353.0	780.0	65.0
88	economics_intros		Directors--and-officers--liability-insurance-a_2016_Journal-of-Accounting-an.txt	<Middle>	6890.0	2182.0	145.0
89	economics_intros		Directors--and-officers--liability-insurance-a_2016_Journal-of-Accounting-an.txt	<Conclusion>	305.0	107.0	16.0
90	economics_intros		Do-information-releases-increase-or-decrease-informati_2016_Journal-of-Accou.txt	<Intro>	2501.0	833.0	94.0
91	economics_intros		Do-information-releases-increase-or-decrease-informati_2016_Journal-of-Accou.txt	<Middle>	4507.0	1440.0	121.0
92	economics_intros		Do-information-releases-increase-or-decrease-informati_2016_Journal-of-Accou.txt	<Conclusion>	395.0	148.0	12.0
93	economics_intros		Does-a-common-set-of-accounting-standards-affect-tax-_2016_Journal-of-Accoun.txt	<Intro>	3060.0	1010.0	89.0
94	economics_intros		Does-a-common-set-of-accounting-standards-affect-tax-_2016_Journal-of-Accoun.txt	<Middle>	5945.0	1909.0	139.0
95	economics_intros		Does-a-common-set-of-accounting-standards-affect-tax-_2016_Journal-of-Accoun.txt	<Conclusion>	609.0	215.0	21.0
96	economics_intros		Does-carbon-intensity-constraint-policy-improve-industrial-gre_2017_Energy-E.txt	<Intro>	2409.0	701.0	104.0
97	economics_intros		Does-carbon-intensity-constraint-policy-improve-industrial-gre_2017_Energy-E.txt	<Middle>	2344.0	690.0	62.0
98	economics_intros		Does-carbon-intensity-constraint-policy-improve-industrial-gre_2017_Energy-E.txt	<Conclusion>	3598.0	1077.0	77.0
99	economics_intros		Does-managerial-sentiment-affect-accrual-estimates_2017_Journal-of-Accountin.txt	<Intro>	4253.0	1395.0	161.0
100	economics_intros		Does-managerial-sentiment-affect-accrual-estimates_2017_Journal-of-Accountin.txt	<Middle>	6205.0	1794.0	154.0
101	economics_intros		Does-managerial-sentiment-affect-accrual-estimates_2017_Journal-of-Accountin.txt	<Conclusion>	477.0	161.0	16.0
102	economics_intros		Does-purchase-price-matter-for-the-waiting-time-to-start-using-_2017_Energy-.txt	<Intro>	968.0	253.0	15.0
103	economics_intros		Does-purchase-price-matter-for-the-waiting-time-to-start-using-_2017_Energy-.txt	<Middle>	4920.0	1335.0	95.0
104	economics_intros		Does-purchase-price-matter-for-the-waiting-time-to-start-using-_2017_Energy-.txt	<Conclusion>	858.0	255.0	0.0
105	economics_intros		Does-the-PCAOB-international-inspection-program-impro_2017_Journal-of-Accoun.txt	<Intro>	3499.0	1086.0	76.0
106	economics_intros		Does-the-PCAOB-international-inspection-program-impro_2017_Journal-of-Accoun.txt	<Middle>	6580.0	1843.0	131.0
107	economics_intros		Does-the-PCAOB-international-inspection-program-impro_2017_Journal-of-Accoun.txt	<Conclusion>	309.0	94.0	3.0
108	economics_intros		Does-the-volatility-of-commodity-prices-reflect-macroecono_2017_Energy-Econo.txt	<Intro>	3340.0	1008.0	80.0
109	economics_intros		Does-the-volatility-of-commodity-prices-reflect-macroecono_2017_Energy-Econo.txt	<Middle>	8280.0	2525.0	210.0
110	economics_intros		Does-the-volatility-of-commodity-prices-reflect-macroecono_2017_Energy-Econo.txt	<Conclusion>	185.0	59.0	6.0
111	economics_intros		Does-U-S--foreign-earnings-lockout-advantage-f_2017_Journal-of-Accounting-an.txt	<Intro>	2925.0	811.0	59.0
112	economics_intros		Does-U-S--foreign-earnings-lockout-advantage-f_2017_Journal-of-Accounting-an.txt	<Middle>	5944.0	1697.0	90.0
113	economics_intros		Does-U-S--foreign-earnings-lockout-advantage-f_2017_Journal-of-Accounting-an.txt	<Conclusion>	510.0	146.0	11.0
114	economics_intros		Dynamic-return-volatility-dependence-and-risk-measure-of-CoVaR_2017_Energy-E.txt	<Intro>	816.0	272.0	61.0
115	economics_intros		Dynamic-return-volatility-dependence-and-risk-measure-of-CoVaR_2017_Energy-E.txt	<Middle>	4599.0	1347.0	107.0
116	economics_intros		Dynamic-return-volatility-dependence-and-risk-measure-of-CoVaR_2017_Energy-E.txt	<Conclusion>	377.0	128.0	6.0
117	economics_intros		Earnings-expectations-and-employee-saf_2017_Journal-of-Accounting-and-Econom.txt	<Intro>	2736.0	853.0	65.0
118	economics_intros		Earnings-expectations-and-employee-saf_2017_Journal-of-Accounting-and-Econom.txt	<Middle>	4947.0	1559.0	129.0
119	economics_intros		Earnings-expectations-and-employee-saf_2017_Journal-of-Accounting-and-Econom.txt	<Conclusion>	289.0	96.0	9.0
120	economics_intros		Earnings-management-and-annual-report-rea_2017_Journal-of-Accounting-and-Eco.txt	<Intro>	3487.0	978.0	37.0
121	economics_intros		Earnings-management-and-annual-report-rea_2017_Journal-of-Accounting-and-Eco.txt	<Middle>	4911.0	1247.0	46.0
122	economics_intros		Earnings-management-and-annual-report-rea_2017_Journal-of-Accounting-and-Eco.txt	<Conclusion>	465.0	119.0	6.0
123	economics_intros		Economic-externalities-in-transmission-network-expansion-_2017_Energy-Econom.txt	<Intro>	1414.0	416.0	16.0
124	economics_intros		Economic-externalities-in-transmission-network-expansion-_2017_Energy-Econom.txt	<Middle>	1704.0	510.0	29.0
125	economics_intros		Economic-externalities-in-transmission-network-expansion-_2017_Energy-Econom.txt	<Conclusion>	221.0	82.0	12.0
126	economics_intros		Economy-wide-effects-of-international-and-Russia-s-climat_2017_Energy-Econom.txt	<Intro>	789.0	241.0	37.0
127	economics_intros		Economy-wide-effects-of-international-and-Russia-s-climat_2017_Energy-Econom.txt	<Middle>	2020.0	640.0	75.0
128	economics_intros		Economy-wide-effects-of-international-and-Russia-s-climat_2017_Energy-Econom.txt	<Conclusion>	3613.0	1235.0	161.0
129	economics_intros		Employee-quality-and-financial-reporting-_2017_Journal-of-Accounting-and-Eco.txt	<Intro>	3082.0	862.0	29.0
130	economics_intros		Employee-quality-and-financial-reporting-_2017_Journal-of-Accounting-and-Eco.txt	<Middle>	6365.0	1671.0	108.0
131	economics_intros		Employee-quality-and-financial-reporting-_2017_Journal-of-Accounting-and-Eco.txt	<Conclusion>	172.0	58.0	9.0
132	economics_intros		Energy-economic-recovery-resilience-with-Input-Output-linea_2017_Energy-Econ.txt	<Intro>	2170.0	645.0	92.0
133	economics_intros		Energy-economic-recovery-resilience-with-Input-Output-linea_2017_Energy-Econ.txt	<Middle>	5275.0	1452.0	204.0
134	economics_intros		Energy-economic-recovery-resilience-with-Input-Output-linea_2017_Energy-Econ.txt	<Conclusion>	392.0	134.0	17.0
135	economics_intros		Energy-Metabolism-of-28-World-Countries--A-Multi-scale-I_2017_Ecological-Eco.txt	<Intro>	1070.0	292.0	3.0
136	economics_intros		Energy-Metabolism-of-28-World-Countries--A-Multi-scale-I_2017_Ecological-Eco.txt	<Middle>	3662.0	924.0	79.0
137	economics_intros		Energy-Metabolism-of-28-World-Countries--A-Multi-scale-I_2017_Ecological-Eco.txt	<Conclusion>	963.0	250.0	25.0
138	economics_intros		Finding-environmentally-critical-transmission-sectors--transac_2017_Energy-E.txt	<Intro>	2404.0	711.0	127.0
139	economics_intros		Finding-environmentally-critical-transmission-sectors--transac_2017_Energy-E.txt	<Middle>	2183.0	572.0	137.0
140	economics_intros		Finding-environmentally-critical-transmission-sectors--transac_2017_Energy-E.txt	<Conclusion>	329.0	82.0	12.0
141	economics_intros		Further-evidence-on-the-strategic-timing-of-earnings-_2016_Journal-of-Accoun.txt	<Intro>	2236.0	675.0	33.0
142	economics_intros		Further-evidence-on-the-strategic-timing-of-earnings-_2016_Journal-of-Accoun.txt	<Middle>	7382.0	2186.0	130.0
143	economics_intros		Further-evidence-on-the-strategic-timing-of-earnings-_2016_Journal-of-Accoun.txt	<Conclusion>	249.0	79.0	6.0
144	economics_intros		Gasoline-price-and-new-vehicle-fuel-efficiency--Evidence-_2017_Energy-Econom.txt	<Intro>	1785.0	575.0	45.0
145	economics_intros		Gasoline-price-and-new-vehicle-fuel-efficiency--Evidence-_2017_Energy-Econom.txt	<Middle>	4866.0	1558.0	214.0
146	economics_intros		Gasoline-price-and-new-vehicle-fuel-efficiency--Evidence-_2017_Energy-Econom.txt	<Conclusion>	372.0	140.0	16.0
147	economics_intros		Genuine-Progress-Indicator-2-0--Pilot-Accounts-for-the-US--_2017_Ecological-.txt	<Intro>	2924.0	789.0	43.0
148	economics_intros		Genuine-Progress-Indicator-2-0--Pilot-Accounts-for-the-US--_2017_Ecological-.txt	<Middle>	3808.0	1124.0	82.0
149	economics_intros		Genuine-Progress-Indicator-2-0--Pilot-Accounts-for-the-US--_2017_Ecological-.txt	<Conclusion>	1525.0	433.0	25.0
150	economics_intros		Getting-more--carbon-bang--for-your--buck--in-Acre-Sta_2017_Ecological-Econo.txt	<Intro>	1739.0	478.0	40.0
151	economics_intros		Getting-more--carbon-bang--for-your--buck--in-Acre-Sta_2017_Ecological-Econo.txt	<Middle>	3571.0	1041.0	60.0
152	economics_intros		Getting-more--carbon-bang--for-your--buck--in-Acre-Sta_2017_Ecological-Econo.txt	<Conclusion>	1676.0	481.0	21.0
153	economics_intros		Gold-Mining-Pollution-and-the-Cost-of-Private-Healthcare_2017_Ecological-Eco.txt	<Intro>	1439.0	418.0	34.0
154	economics_intros		Gold-Mining-Pollution-and-the-Cost-of-Private-Healthcare_2017_Ecological-Eco.txt	<Middle>	3299.0	970.0	72.0
155	economics_intros		Gold-Mining-Pollution-and-the-Cost-of-Private-Healthcare_2017_Ecological-Eco.txt	<Conclusion>	419.0	150.0	9.0
156	economics_intros		Hedging-local-volume-risk-using-forward-markets--Nordic-_2017_Energy-Economi.txt	<Intro>	1740.0	585.0	27.0
157	economics_intros		Hedging-local-volume-risk-using-forward-markets--Nordic-_2017_Energy-Economi.txt	<Middle>	4793.0	1366.0	126.0
158	economics_intros		Hedging-local-volume-risk-using-forward-markets--Nordic-_2017_Energy-Economi.txt	<Conclusion>	930.0	286.0	18.0
159	economics_intros		Human-capital-and-energy-in-economic-growth---Evidence-from_2017_Energy-Econ.txt	<Intro>	1916.0	573.0	77.0
160	economics_intros		Human-capital-and-energy-in-economic-growth---Evidence-from_2017_Energy-Econ.txt	<Middle>	7875.0	2295.0	334.0
161	economics_intros		Human-capital-and-energy-in-economic-growth---Evidence-from_2017_Energy-Econ.txt	<Conclusion>	783.0	247.0	30.0
162	economics_intros		Identifying-the-driving-forces-of-national-and-regional-CO2-emi_2017_Energy-.txt	<Intro>	1265.0	370.0	31.0
163	economics_intros		Identifying-the-driving-forces-of-national-and-regional-CO2-emi_2017_Energy-.txt	<Middle>	7281.0	1963.0	200.0
164	economics_intros		Identifying-the-driving-forces-of-national-and-regional-CO2-emi_2017_Energy-.txt	<Conclusion>	1828.0	599.0	91.0
165	economics_intros		Influential-factors-in-crude-oil-price-forecasting_2017_Energy-Economics.txt	<Intro>	1372.0	451.0	67.0
166	economics_intros		Influential-factors-in-crude-oil-price-forecasting_2017_Energy-Economics.txt	<Middle>	4595.0	1389.0	139.0
167	economics_intros		Influential-factors-in-crude-oil-price-forecasting_2017_Energy-Economics.txt	<Conclusion>	416.0	131.0	12.0
168	economics_intros		Information-strategies-for-energy-conservation--A-field-ex_2017_Energy-Econo.txt	<Intro>	2696.0	807.0	73.0
169	economics_intros		Information-strategies-for-energy-conservation--A-field-ex_2017_Energy-Econo.txt	<Middle>	4898.0	1454.0	145.0
170	economics_intros		Information-strategies-for-energy-conservation--A-field-ex_2017_Energy-Econo.txt	<Conclusion>	1367.0	405.0	38.0
171	economics_intros		Inside-the-Emerald-Triangle--Modeling-the-Placement-and-Size_2017_Ecological.txt	<Intro>	572.0	174.0	18.0
172	economics_intros		Inside-the-Emerald-Triangle--Modeling-the-Placement-and-Size_2017_Ecological.txt	<Middle>	4223.0	1299.0	87.0
173	economics_intros		Inside-the-Emerald-Triangle--Modeling-the-Placement-and-Size_2017_Ecological.txt	<Conclusion>	1722.0	556.0	41.0
174	economics_intros		Is-the-SEC-captured--Evidence-from-comment-l_2017_Journal-of-Accounting-and-.txt	<Intro>	3449.0	924.0	41.0
175	economics_intros		Is-the-SEC-captured--Evidence-from-comment-l_2017_Journal-of-Accounting-and-.txt	<Middle>	4086.0	1081.0	45.0
176	economics_intros		Is-the-SEC-captured--Evidence-from-comment-l_2017_Journal-of-Accounting-and-.txt	<Conclusion>	231.0	61.0	0.0
0	biology_intros		1-s2.0-S0301051116303179-main.txt	<Intro>	2159.0	561.0	44.0
1	biology_intros		1-s2.0-S0301051116303179-main.txt	<Middle>	4620.0	1160.0	63.0
2	biology_intros		1-s2.0-S0301051116303179-main.txt	<Conclusion>	1658.0	452.0	41.0
3	biology_intros		1-s2.0-S030105111630360X-main.txt	<Intro>	2396.0	602.0	15.0
4	biology_intros		1-s2.0-S030105111630360X-main.txt	<Middle>	5735.0	1425.0	39.0
5	biology_intros		1-s2.0-S030105111630360X-main.txt	<Conclusion>	3057.0	805.0	32.0
6	biology_intros		1-s2.0-S0301051116303611-main.txt	<Intro>	1394.0	359.0	18.0
7	biology_intros		1-s2.0-S0301051116303611-main.txt	<Middle>	3376.0	821.0	33.0
8	biology_intros		1-s2.0-S0301051116303611-main.txt	<Conclusion>	1359.0	389.0	9.0
